"0","# Create a graph that has at least two geom layers: Columns, texts."
"0","q3_plot <- st_games %>%"
"0","  group_by(price_bucket) %>%"
"0","  summarise(n = n(),"
"0","            median_dp = median(discount_price, na.rm = TRUE))"
"0","ggplot(q3_plot, aes(x = price_bucket, y = median_dp)) +"
"0","  geom_col(width = 0.5, fill = ""grey"") +                        "
"0","  geom_text(aes(label = paste0(""$"", format(round(median_dp, 2), ))),"
"0","            vjust = -0.5, size = 3) +  # text vjust were debugged by GPT.                           "
"0","  labs(title = ""Median discounted price by original price bucket"","
"0","       x = ""Original price bucket"","
"0","       y = ""Median discounted price"") +"
"0","theme_minimal() +"
"0","theme(plot.title = element_text(hjust = 0.5))"
